titles,category
 통화 완화  경기 부양 기대  아시아 증시 상승세,Economic
미래에셋 대신증권 빌딩 매각  동상이몽  현금 확보 종투사 진출 속도,Economic
경기 남부와 북부 아파트값  격차  벌어진다,Economic
  억원대 고분양가에도 완판  광명시가 뜨겁다,Economic
치솟는 기름값  경기 회복 걸림돌      대외 불확실성 여전히 커 ,Economic
서울대병원 노조 무기한 파업 시작  응급실 중환자실 인력은 제외,Economic
광명 부동산 상승세  철산자이 브리에르  분위기 이어가나,Economic
 상사 투자한 버핏  일본에 더   금융주 들어올 가능성 ,Economic
내부정보 이용 수십억 챙기고 갑질까지 사모   위법행위  덜미 ,Economic
 건설중장비의 제네시스 꿈꾼다  브랜드 독립시키고  홈쇼핑서 팔고,Economic
경매 낙찰률 떨어져도 인기 아파트엔 돈 몰린다,Economic
고조되는 이 팔 전쟁 우려  코인은 정말 위기에 강한가   엠블록레터 ,Economic
시중은행 대출금리 줄인상 가계대출에 제동 건다,Economic
 포스코 에코프로   차전지주 동반 급등 코스닥    ,Economic
  대 금리에 이자부담 막막  은행권 개인사업자 대출    조,Economic
   년된 우리 아파트도  등급인데    이미연의 발로 뛰는 부동산 ,Economic
조단위 영업익 회복한 삼성전자     반등 속도낸다,Economic
 어바웃   박현철 부국증권 대표  진격의  년     외길  강소 증권사 굳히기,Economic
금융위원장  은행   년만기 주담대  금융상품 상식에 맞지 않아  종합 ,Economic
현산  월계동신 공사비         만원 제시 조합  더 낮춰야 ,Economic
금융위원장  은행   년만기 주담대  금융상품 상식에 맞지 않아  종합 ,Economic
현산  월계동신 공사비         만원 제시 조합  더 낮춰야 ,Economic
      국감  금융위  은행 중도상환수수료 체계  살펴보겠다 ,Economic
치솟는 금리에 예금도  짧고 굵게    개월 미만 단기 정기예금 선호,Economic
 세인트존스 양양 더 스위트  펜트하우스 별장형 호텔로 눈길,Economic
코스피  삼성전자  깜짝 실적   국채 진정에    급등 투자    ,Economic
 역시 드라마는 반전드라마  물린   엔솔 주주들  탈출 기회 잡을까  투자    ,Economic
  엔솔 배터리 판매량         위  기업 추격  속도 ,Economic
 이 팔 전쟁  암초 만난 경상수지  회복 흐름 이어갈까,Economic
급증하는 가계대출 제동 걸리나  시중은행  대출금리 인상 시작,Economic
정무위 국감장에 공매도 논란  김주현  기관 투자자 유리하지 않아 ,Economic
  월 코스닥 상장 유진테크놀로지  금형 기술로 전기차 시장 동반 성장할 것  투자    ,Economic
경총  월급 웃도는 실업급여 취업 의지 꺾는다 ,Economic
최태원  승계 계획 준비 화웨이폰에    칩 탑재  미스터리  ,Economic
 오염수 희석 방류  국제적인 방식   국감 달군  후쿠시마 논란 ,Economic
  현대   호위함 입찰 무효 가처분 기각에  방위산업에 부정적 영향 ,Economic
이오플로우   법원 판매금지 가처분   적극적 대응 전략 수립 중 ,Economic
두나무 자회사 잇단 수장 교체 람다    대표에 레벨스 전    ,Economic
  국민 신한 우리 대출 금리 올린다 이자 인상 도미노,Economic
김장철 다가오는데 절임 배추 가격 한 박스  만 원대  물가 비상 ,Economic
 이스라엘 전쟁에   방산주 계속 상승할 것 ,Economic
    리서치 부국장  이 팔 전쟁으로 인플레 높아질 위험  주시,Economic
 메리츠증권 직원들  가족 동원해 수십억 사익 챙겨   권영훈의 증시뉴스      ,Economic
 가계부채  대책 지적 빗발에 김주현 위원장  정책 모순 아니다  종합 ,Economic
에디슨 품은     결국 초소형 전기차 외면했다,Economic
올해 삼성전자 시총   조원  에코프로는  배 뛰어 투자    ,Economic
유광점퍼 입고 등장할까    구광모 회장  한국시리즈 참석 전망  김익환의 컴퍼니워치 ,Economic
 년 만에   대  이    대   됐다 국민평형도 제낀 이 아파트,Economic
쿠팡  대만 진출  년 만에 수출     만    곳 돌파,Economic
 김대호의 경제읽기  삼성전자   분기 영업익    조 반도체  바닥 돌파  ,Economic
 연     치솟는 주담대 금리에  매물 쌓이는 서울,Economic
 단독  현대카드의 애플페이  일반카드 대비       적자 ,Economic
 반도체 바닥 찍었다  삼성전자 질주에   만전자  기대 모락모락,Economic
메리츠    본부 임직원  조직적 부정거래로 수십억 사익,Economic
 역시 머슴도 대감집에서   삼성전자   세계 최고의 직장   위,Economic
     만원 넣으면 월    만원 드려요  노년층 타깃 유사수신업체 기승,Economic
 반토막  난 한국 경상수지 희미한 호재 속 고유가 복병,Economic
대규모 반도체 적자에도   삼성전자  희망의 신호탄  쐈다,Economic
  인  역  최태원 회장의 광폭 행보 재계 넘어  사회적 리더 로 우뚝,Economic
 분기  어닝 서프라이즈  삼성전자   전자 실적 개선   경기 반등  청신호 ,Economic
물속     냄새까지 맡고  왈왈   실종자  명 찾아낸 수난탐지견,Economic
밀리의서재 직원  인당     억 대박  스톡옵션으로       수익,Economic
가격 반토막으로  뚝    킹크랩 먹기  지금이 기회   지금이뉴스 ,Economic
 단독  먹태깡 이어  품귀 원조  허니버터칩 콰트로치즈맛 나온다,Economic
     국감  김주현     년 주담대  문제 있었다   특례보금자리론은 다른 성격 ,Economic
코인으로 전비 조달하던 하마스  이스라엘 경찰에  덜미 ,Economic
금융위원장  은행권    년 만기 주담대  비상식적 정책 모순 아냐 ,Economic
 고유가에   조 챙긴 정유사  전기요금도     억 감면받아 ,Economic
삼성전자   분기 영업이익  조 천억  깜짝 실적 ,Economic
     년 국정감사  김주현  부동산 정책 모순 아냐   년 주담대  은행에 문제 제기한 것 ,Economic
환경부 국감서  오염수  공방 장관  적극해명 에 야당  고성       국정감사 ,Economic
 단독  생맥주 납품가     올랐다 소비자에 전가되나,Economic
  곳 부도에 이스라엘 하마스 전쟁까지 건설업에 혹독한  겨울한파  온다,Economic
사리사욕 채운 증권사 직원들 가족 명의로    투자하다 적발,Economic
 수원 전세 사기 의혹  피해 신고    건 하루 만에   건 늘어,Economic
금융위원장    년 만기 주담대  금융상품 상식에 맞지 않아 ,Economic
코스닥    대 급등해    선 회복 에코프로비엠   대 ,Economic
 주가동향  키움증권  주주환원 정책 강화 발표에 주가     이상 급등,Economic
버크셔 부회장 찰리 멍거   가상자산 가치     될 것 ,Economic
 점심브리핑 주요 가상 자산 약세 리플 최고재무책임자 사임,Economic
버크셔 부회장 찰리 멍거   가상자산 가치     될 것 ,Economic
 점심브리핑 주요 가상 자산 약세 리플 최고재무책임자 사임,Economic
삼성전자 영업이익 올해 첫 조 단위    반도체 회복세 ,Economic
올해 국내 증시 시총    조 늘었다  삼성전자    조  껑충 ,Economic
     반도체 생산 호조에 제조업 부진 완화 ,Economic
이 팔 전쟁에 급등했던 국제유가  하루 만에  안정세  되찾아,Economic
하이패스 오류로 이중부과된 요금     만원    는 환불 안 돼,Economic
 뭐가 됐든 가격은 다 쓴맛  설탕 소금값 상승률   년만 최고치,Economic
모로가도 역세권으로  천호역 마에스트로    월 공급 예정,Economic
페이커 만나고 한정판 내놓고  게이머  향한 삼성   전자의 구애,Economic
두산건설 컨소시엄   두산위브더제니스 센트럴 계양  초품아 단지로 눈길,Economic
 빅쇼트  아이스먼  지금 이 주식은 절대 사지 마라 ,Economic
   마켓워치  금감원 첫 사모   기획검사   적발 증권사  지주계열 ,Economic
불황 버틸  현금 곳간  채우는 대기업들 삼성   조 보유,Economic
올해    월 글로벌 전기차 배터리 사용량     증가,Economic
  긴축으로 물가 겨우 잡았는데  이 팔 사태로 커진 경제 불확실성,Economic
대한항공  이번 주 이스라엘서 오는 귀국 비행기 안 띄운다,Economic
은행 대출 조이기에 금리 줄줄이 인상,Economic
 고용세습 포기 못 해  기아 노조    일부터 파업,Economic
   돌  맞은   하이닉스의 빛나는 순간 살펴보니,Economic
 농민은 어떡하라고  농기계 무기질비료 지원사업 예산  싹둑 ,Economic
중동전쟁에 치솟는 유가 상승 기대되는 에너지 는,Economic
 삼성전자    실적  프리미엄 전략 통했다     가전  경기 둔화속  선방 ,Economic
김주현  공매도 기관 유리 주장 타당 안해 담보 비율 일원화 어렵다 ,Economic
 내 월급으로는 인서울은 커녕 인경기도 버겁다   억 미만 아파트가 사라진다  부동산    ,Economic
 괴롭혀 쫓아낼 것  폭언까지  임신 근로시간 단축  누가 쓰나,Economic
 가족자금  투자해 수익 사모   주선하며 사익 챙긴 증권사 직원들,Economic
 플립 가 다했다  삼성 조단위 영업이익  폴더블이 이끌었다,Economic
금감원  증권사 사모   기획검사 중간 검사결과 발표,Economic
귀농박람회 갔다 돈 날렸다 은퇴 노인 노리는 금융 사기,Economic
   발행 많이 했던 이 증권사    직원들  내부정보 이용해 수십억 챙겼다,Economic
수리비 허위 과장 청구  자동차 수리  보험사기 유의하세요 ,Economic
김주현  은행 중도상환 수수료  합리성 있는지 살펴볼 것 ,Economic
점유율    면 수천억 챙기는 애플  혼자만  규제 패스 ,Economic
최태원 회장  미중 갈등에 배터리 가격 상승    승계 계획 마련 ,Economic
       틈바구니 속 깜짝 성과 거둔 이 게임,Economic
삼성     롤 유저 유혹하는  게이밍 모니터 전쟁  돌입,Economic
 자동차보험 접수하면 무상수리해주겠다   금감원  보험사기  주의보 ,Economic
삼성전자  올해 첫 조단위 영업익  깜짝 실적 ,Economic
   선방한 삼성전자  주가 반등 기대  관건은 반도체,Economic
   선방한 삼성전자  주가 반등 기대  관건은 반도체,Economic
 분기 영업익  조  천억 반도체 적자 줄어,Economic
푸른기술  국내 최초 임플란트 보조 로봇 개발에 상한가,Economic
올해 보증기관이 갚아준 전세금    조 이미 작년 두 배 넘었다 국감브리핑 ,Economic
루이뷔통  너마저  직격탄 맞은 명품업계,Economic
 자막뉴스   깻잎을 삼겹살에 싸서 먹어야 하겠다    농담 아닙니다,Economic
 중동 전쟁 보다  연준 비둘기 에 반응한 시장 장중 환율      원까지 하락 외환분석 ,Economic
 최저임금보다 실업급여 더 많이 받는데  편돌이  왜 하나요  ,Economic
이 팔 사태 유가급등 우려      대외 불확실성 확대 ,Economic
 원팀으로 수십억 사익 챙겼다    대형 증권사  금감원 검사에서 적발,Economic
 최저임금     구직급여 하한액 등 관대한 요건  오히려 실직자 취업의지 떨어뜨려 ,Economic
베일 벗은  구미 그랑포레 데시앙    만여 명 북적 교육 특화에 환경 쾌적,Economic
삼성전자  깜짝  실적  분기 반도체  흑자 전환  가능할까,Economic
벌써 김장 걱정  담아  말아  또   만 원    배추  특히 소금  너무 올랐다 ,Economic
삼성 모바일   분기도 판매 호조  깜짝 실적 에 기여,Economic
 자동차정비업체 이용시 보험사기 연루 조심하세요 ,Economic
 뒷거래에 갑질까지  금감원  증권사    기획검사 결과 발표,Economic
 미공개    정보  이용해 수십억 챙긴 증권사 직원들,Economic
경총  취업 의지 떨어뜨리는 구직급여   하한액 폐지해야 ,Economic
자동차 수리비 허위 과장 청구로 수천만원 가로채 금감원   소비자경보  발령,Economic
    억 빌려주고   억 떼 가     천장 없는 부동산 브리지론 도마,Economic
  보험 접수하면 무상 수리   금감원  소비자경보  주의  발령,Economic
현직 증권사    임직원  직무정보 이용해 수십억 원 사익 챙겨,Economic
 최저임금보다 더 받는 구직급여 실직자 재취업 의지 꺾어 ,Economic
 무늬만 자금조달  금감원  메리츠 불건전영업행위 포착,Economic
  천만원 투자하면 월    만원 준다    사기였습니다,Economic
금감원    증권사 임직원  전환사채 발행 중개하며 사익 추구 수십억 대 이득 ,Economic
     경기 부진 점진적 완화 대외 불확실성 상존 ,Economic
 놀면서 일하는 사람보다 더 받는 실업급여 제도  뜯어고쳐야 ,Economic
 단독  대학병원 의사 고백    보험회사로부터 유리한 진단 협박 ,Economic
금감원  사모   많은 증권사 뜯어보니  불건전 영업행위  우수수,Economic
이자         아직도 이런 살인 이자율이,Economic
 자동차 정비 무상  비용은 보험 처리  혹했다가 보험사기 연루,Economic
경총  실업급여 제도  실업자 취업 의지 떨어뜨려 합리화 시급 ,Economic
 자동차보험 접수하면 공짜로 수리     보험사기입니다 ,Economic
서울 상업용 부동산 대형거래  실종  꼬마빌딩만 강세,Economic
우대 금리로 저축 대출 지원  경기청년 기회사다리통장  출시,Economic
김주현 금융위원장  시중은행   년 만기 주담대  상식에 맞지 않아 ,Economic
이 팔 전쟁에도 국내외 증시 상승  왜  미     긴축 완화 기대감 커져,Economic
전력시장 거래체계 개편 필요하다,Economic
대출 가산금리 손봤는데 기대출엔 미적용  김주현  소급은 논란 있다 ,Economic
계양구 첫  두산위브더제니스   두산위브더제니스 센트럴 계양    월 분양,Economic
지역구에 의대 만들라는 의원들 조규홍  의대 정원 확충은 정치적 행사와 무관 ,Economic
미 국채 유가 하락 아틀랜타 연은 총재  금리인상 없다 ,Economic
 정부 희귀질환자 지원 예산        만명 이상 저소득자 치료 차질 ,Economic
 실적킹  삼성전자 귀환할까 내년 영업익   조 전망,Economic
고물가에  외면받던 중국산 김치  다시  밥상 점령 ,Economic
 정의선호   년  내실 다지며 해외 진격  게임체인저  됐다,Economic
삼성전자 실적개선 본격화 전망  전체수출 견인차 역할 기대,Economic
 이중 삼중 주차가 일상  극심한 주차난에 넉넉한 주차공간 갖춘 단지 인기 ,Economic
 월 경상수지  달 연속 흑자    불황형 흑자  구조 여전,Economic
홍원식 하이투자 대표 이어 최희문 메리츠증권 부회장도 국감장 선다,Economic
   월 전세계 전기차 배터리 사용량 전년 대비       ,Economic
수도권 아파트  공급 가뭄   청약 쏠림 이어지나,Economic
증권사 부실자산 급증 해외투자 추가 부실 우려,Economic
북미 선제 투자 빛봤다   엔솔  영업익 신기록 종합 ,Economic
최대 시세 차익  억 기대  검단신도시 롯데캐슬 넥스티엘  금일  순위 청약,Economic
산재 승인 대기 중 사망한 근로자  년간    명    근복 늑장 심사 탓 ,Economic
고금리 공사비 폭등 혼돈의 분양시장,Economic
 고용세습 포기 못 한다  기아 노조  파업 돌입,Economic
 출퇴근 거리가 행복도 가른다  삶의 질 올리는 직주근접 아파트 눈길,Economic
 경기 침체로 명품 소비 감소   루이뷔통도 성장세 꺾여,Economic
서울 분양시장서  뉴타운  흥행가도 안정성  미래가치  눈길 ,Economic
은행 대출금리  도미노 인상  시작 대출 억제 위해 가산금리  종합 ,Economic
우크라 정부  현대로템  우리 아이 어미니들  생명줄  ,Economic
카카오 선물하기 환불 수수료  년간     억원 추정,Economic
김주현  대구은행 시중은행 전환 심사시 불법계좌 사고 고려 ,Economic
김주현  은행권   년 주담대  상식 있다면 내놓지 말았어야 ,Economic
정부  일본 활어차 해수에서 방사능 검출 안 돼 ,Economic
불법 계좌개설 파문    대구은행 시중은행 전환 걸림돌되나,Economic
코오롱생명과학  유전자 재조합 항암제 기술  캐나다 싱가포르 특허 등록 ,Economic
김주현  산은 부산이전  산은법 개정돼야 탄력 국회 설득에 나설것 ,Economic
이번 주말엔 킹크랩    러시아산    당  만원  뚝 ,Economic
방통위      보궐이사에 이동욱 전 월간조선 기자 추천,Economic
김주현    년 주담대 비상식적 은행 수익 확보 노력일 뿐 ,Economic
 고용 세습  조항 놓고 갈등 기아 노조    일부터 파업,Economic
심상정  양평고속도로  이미 끝난 게임   장관이 막무가내로 버텨 ,Economic
 부의 대물림 초집중 현상  강남 구 용산 증여세만  조,Economic
넷마블   세나 키우기  흥행 지속    기대감     ,Economic
 국감      김주현 금융위원장    년 주담대  은행들 수익 눈멀어 상식에 맞지않는 대출 ,Economic
 독일 샌들  버켄스탁  시총   조원 넘본다 오늘 뉴욕증시 상장,Economic
경제위기 부르는 미국의  금리  결국  금리  홍길용의 머니스토리 ,Economic
 주식 초고수는 지금   조 단위  영업익 회복한 삼성전자  순매수  위,Economic
재영솔루텍  삼성전자 갤럭시       에     공급,Economic
펩시코   분기 실적 예상치 상회  오젬픽 영향 없다 ,Economic
 고맙다  삼성전자  코스피    넘게 급등,Economic
  국민은행  대출금리 올렸다 이자 인상 도미노 오나,Economic
전기차 수요 둔화에도   엔솔은 사상 최대 분기 이익  왜 ,Economic
블레이드      배우 최윤영과 전속계약 체결 고창석 이준영 남우현 등 한솥밥,Economic
    쿠팡  로켓배송  타고 대만도 홀렸다,Economic
 년 후 예측도 틀리면서    년 계산해 국민연금 더 내고 늦게 받기  ,Economic
세계 탄소 배출량 내년에 더 늘어난다  넷제로 실패는 필연적 ,Economic
김주현    년 주담대 비상식적 정책적 모순      동의 못해       국감 ,Economic
이장섭 의원  정유 사    개월간 전기요금  천   억원 감면혜택 ,Economic
롯데웰푸드 인도 초코파이 공장 확대,Economic
김주현  은행권 조건없는   년 주담대 비상식적 정책모순 동의 못해 ,Economic
 술값 그만 올려  정부 칼 빼들어도 식당가  맥주     원  만지작  푸드    ,Economic
박성훈 해수차관   후쿠시마 오염수 특별법 대신 현행법으로 가능 ,Economic
이스라엘 팔레스타인 전쟁      부산엑스포 유치에 변수,Economic
영업익     억   전년          엔솔   분기 역대 최대 실적,Economic
  엔솔     영업익     억 원 분기 최대 경신,Economic
삼성전자  분기 영업익  조 회복 전망  반도체 바닥 찍고 반등 ,Economic
   년 만기 출시  정부 책임론에 김주현  사전협의 없었다  반박,Economic
금융위원장  은행   년만기 주담대  금융상품 상식에 맞지 않아 ,Economic
에코프로      내리자 코스닥  출렁 ,Economic
안병길  개 식용 문제 종식 정부가 나서야  농식품부 장관  특별법 필요 ,Economic
          출격   전기차 대중화 이끈다,Economic
 나도  삼쩜삼  했는데      만명 쓰는 국민앱 국감서 혼쭐,Economic
 속보  훨훨 나는   에너지솔루션  분기 기준  역대 최대 영업이익  찍었다,Economic
 대 금융그룹   분기 실적  뒷걸음    만  독주 ,Economic
올해 국내 증시 시총    조원 늘어 삼성전자   조원 ,Economic
 구내식당  비싸더라도 맛있었으면   공무원들 뿔났다  관가 포커스 ,Economic
 맥주값도 올랐다  오늘부터 오비맥주 출고가      인상,Economic
국제유가 급등에 양질 일자리 더 줄어,Economic
 팩트체크  정부 고용지표 역대 최고 청년 노인 고용률 월등히 높아,Economic
나라빚 증가 속도   정부가  정부보다  배 빨랐다 팩트체크 ,Economic
부드러워진 연준의 입    고금리 장기화  전망 한풀 꺾여,Economic
서울교통공사   무단결근  노조간부 직위해제 노조 전수조사,Economic
담배 합판에 숨겨   배  시세차 호주로 밀수출 시도,Economic
 분기 수출 플러스 반등 변곡점    회복에 시간 필요 ,Economic
담배 합판에 숨겨   배  시세차 호주로 밀수출 시도,Economic
 분기 수출 플러스 반등 변곡점    회복에 시간 필요 ,Economic
 역체미  페이커 원픽  삼성 오디세이    모니터 가장 갖고 싶어 ,Economic
     엔비디아와 경쟁 위해 오픈소스    기업 인수 영상 ,Economic
설탕 소금 상승률   년 만에 동시 최고치 먹거리 물가 어쩌나,Economic
삼성전자   분기 영업이익    조   올들어 첫   단위  복귀,Economic
기아 노조   일 파업 돌입 추가 교섭 가능성도,Economic
이내흔 현대에이치티 회장 별세,Economic
 분기 시총    조  삼성전자    조 늘었다,Economic
도이체방크    국채 매도세 아주 오래 갈 전망 ,Economic
김주현    년 만기 주담대 제동  특례보금자리론과 정책적 모순 아냐 ,Economic
삼성전자   분기 깜짝 실적 메모리 반등 본격화,Economic
법원    현대  차기 호위함 입찰 관련 가처분  기각 ,Economic
한동훈  한국형 제시카법 도입방안 이달 중 공개 입법예고 ,Economic
 램 흑자전환 가시화   폴더블폰과  쌍두마차  재가동,Economic
     영업익에 증명된 반도체 반등     만전자  신호탄 쐈다,Economic
구글 애플 위에 삼성전자  세계 최고의 직장   년 연속  위,Economic
인기 높았던 보금자리론  가계부채도 키웠다,Economic
김주현  특례보금자리론이 모순된 정책       동의 못해 ,Economic
대우건설  신흥주거지 금오동서  의정부 푸르지오 클라시엘  이달 공급,Economic
뉴욕 연은 설문조사  미국인들  인플레 고착화 예상 ,Economic
 시리즈까지 넘보는     대표모델,Economic
볼보 소형 전기              서 성능 가격경쟁력 호평,Economic
 이상 외화송금  불똥 튄 보험중개사들 돌연 해외송금 막혀,Economic
국산 우유 어쩌나  값싼 외산 우유 수입량  년 새  배 급증,Economic
해수부  일본 오염수 방류 전후  수산물 소비량 큰 차이 없어 ,Economic
 주담대    돌파할라  고정금리 일주일 새  껑충 ,Economic
      한국행 운항 횟수 증대 요구 관측   항공사 피해 우려 ,Economic
예금자보호한도 상향   년째  제자리걸음  이유는,Economic
 시장 바닥 다져졌다  분기 증시 견고할 것 ,Economic
추석연휴 제주 온 중국인   인당   만원 썼다,Economic
김주현  조건없는  민간   년 주담대  비상식적      국감 ,Economic
김주현  대구은행 일탈  시중은행 전환 심사시 고려 ,Economic
뒤바뀐 에코프로 수급 개미  손절매  외국인  줍줍 ,Economic
 헤럴드광장  미국 통화정책과 한국 증시의 향방,Economic
크래프트 솔랙티브  세계 첫    롱숏 지수 개발,Economic
  에너지솔루션  분기  깜짝 실적  장중    가까이 급등 핫종목 ,Economic
  월 전국 아파트 경매 낙찰가율 올해 최고        기록,Economic
하이패스 오류로 통행료 이중부과 근데 환불도 안해줘 ,Economic
신축 아파트   곳서 발암물질  라돈  권고치 이상 나왔다,Economic
 역전세난  이라더니 이제는  전세대란   김인만 부동산연구소장  머니클라스 ,Economic
 이제부터 달린다    삼성전자 실적개선에 주가  반색   권영훈의 증시뉴스      ,Economic
업비트  프랑스 가상자산 분석업체 카이코 평가서  국내 거래소  위 ,Economic
  회 유찰  파주 아파트 경매에   명이나  우르르 ,Economic
 호위함 입찰 무효  가처분 기각   현대   유감   한화오션  환영 ,Economic
     년대 악몽 재현 가능성    월가 인플레 경고음 확산,Economic
수원  전세사기  일파만파 피해금액 이 정도일 줄이야,Economic
블레이드      최윤영과 전속계약 체결 고창석 이준영 등 한솥밥,Economic
코인 거래소별  손해배상 준비금  공개  준비금 한도 늘려야  지적도,Economic
 다꾸유        현대로템   우크라  피난민 살린  코리안 트레인 ,Economic
 자고나니 내 돈 쓰레기 됐네  아르헨티나 페소 암시장서  분의  에 거래,Economic
 힐스테이트 수원파크포레    일 견본주택 개관,Economic
전국 아파트 낙찰가율        올해 최고     옥석가리기 본격화,Economic
현대차그룹  미래차 핵심 두뇌 한자리에 다음달 개발자 콘퍼런스,Economic
이스라엘 하마스 전쟁  연준 금리인상 가능성 낮추나,Economic
샌들기업 버켄스탁 사장        시장 부활 분위기 이어가나,Economic
해수차관  원전 오염수 특별법   수산물 포비아로  와전될 수도 ,Economic
올해 그룹 시총  삼성   조원 늘고 카카오  조원 줄고,Economic
 코로나   물류대란  악몽 해소되나 자영터미널 확보 근거 마련된다,Economic
 비트코인 족집게    억만장자 또 호평했다네요,Economic
    대어  또  뜬다  몸값  조  서울보증보험 투자 매력은 ,Economic
법원  차기 호위함 입찰 관련   현대중공업 가처분 기각 종합 ,Economic
   하이닉스도 기대 크다  반도체 업계  훈풍 불까,Economic
킹크랩 가격   개월 전보다        뚝    이유는 ,Economic
   그린로지스  법인 신설 한달만에 친환경 선박 용선,Economic
 실전재테크 마곡  억 하남  억대  뉴홈      가구 풀린다,Economic
해수부 차관  후쿠시마 오염수 특별법에  현행법으로 가능 ,Economic
 실전재테크 뉴 홈  당첨일 다르면 중복청약    거주 의무도 꼼꼼히,Economic
 분기까지 시총     현대차 웃고 카카오 울었다,Economic
 당기순이익    이상 환원    키움증권 주가     급등,Economic
  엔솔  북미 전기차시장 성장에  분기 영업익 역대 최대 종합 ,Economic
더블유에스아이 이지메디봇    선건테커 그룹과 수술용 로봇 상용화,Economic
재영솔루텍  삼성전자  갤럭시        에     공급,Economic
팬데믹 지났지만  사무실 복귀 쉽지 않네 ,Economic
변두리로 밀리는 서민들 경기도   억 이하  거래비율 역대 최저,Economic
 전쟁 쇼크 에 출렁였던 유가 하락   달러 부근 안정,Economic
삼성전자     전자  분기  어닝 서프라이즈  실적 개선세 뚜렷,Economic
탑머티리얼  노환진 대표  억 규모 자사주 매입,Economic
 월 경상수지  개월 연속 흑자   국제유가 반도체 수출  변수  종합 ,Economic
  년후   세이상 노인     만명    정책이랑 다 바꿀 판,Economic
  국민은행  대출금리 최대       올린다  가계대출 속도 조절 ,Economic
삼성전자 반도체   분기에 적자 줄인듯  감산 효과 시작 ,Economic
 직설  국감증인 기업인 줄소환 누가  왜 오나,Economic
 반값으로 제주까지 중고거래 공짜  편의점 택배서비스 어디까지 써봤니,Economic
  엔솔  분기 영업익     억  분기 최대  작년 연간 실적 넘었다,Economic
푸른기술  치과 임플란트 수술보조 로봇 개발,Economic
  에너지솔루션   분기 영업이익     억원  분기 기준 최대 실적,Economic
 레버리지 셰어즈 기고     자동차 노조 문제  테슬라에 대한 경고 ,Economic
 속보  삼성전자   분기 영업이익    조 원    반도체 바닥은 지난 듯 ,Economic
대우건설  대전 관저 푸르지오 센트럴파크 분양 예정,Economic
불황에 기업 곳간 속 현금 늘었다 삼성 현금 보유량   조,Economic
  엔솔  서프라이즈   분기 영업익  역대 최대      억원,Economic
 현대로템이 생명줄  우크라 정부  피난민 운송 기여 감사 팸플릿,Economic
신신제약  마이크로니들 의약품 연구 자체설비 구축,Economic
고속  통행료 면제에  혈세  투입    국토부  손실보전 추진,Economic
    대만 화학업계       따라 유럽 차세대 공장 공략 ,Economic
 월 경상수지도  불황형흑자    월 흑자 확대 예상  종합 보 ,Economic
 삼성  램이 살아난다     조 적자  딛고 완벽 부활 신호탄  비즈    ,Economic
삼성전자  첫  조 단위  영업익   조원 복귀 언제쯤 ,Economic
한은   분기 수출 플러스 전환 전망 경로 유효하다  일문일답 ,Economic
차단했다더니 절반 넘는 마약 판매사이트 여전히 접속 가능,Economic
카카오페이   종합계좌 예탁금 이자  최대 연    지급 ,Economic
경상수지  개월 연속 흑자 한은   월은 흑자 폭 더 커져 ,Economic
 빵을 단돈    원에  파리바게뜨  단팥빵 등  종 할인행사,Economic
왜 국감때 유럽행   최정우 포스코 회장  부정청탁법 위반  여부 따지려던 국감장 허탈,Economic
부산항 입항 일본 활어차  방사능 무방비  방사능 검사   대 중  대꼴 ,Economic
정황근  수확기 쌀값   만원 유지 농작물 재해 피해보상  배  ,Economic
성별 임금격차 노벨상까지 나왔지만   한국은   년째 최악,Economic
삼성전자   전자  분기  어닝 서프라이즈  실적개선세 뚜렷,Economic
삼성전자  반년 만 조 단위 영업익 복귀 반도체 선방 속 디스플레이 호조,Economic
한은   월 경상수지 흑자 규모 커질 것 연간    억달러 달성 가능 ,Economic
이지스자산운용    억 달러 규모  해외 세컨더리 블라인드펀드 조성  투자    ,Economic
코오롱생명과학 항암 신약 후보  캐나다 싱가포르 특허 등록,Economic
신신제약  세계 최초 차세대 마이크로니들 설비 완료  해외 진출 기반 마련,Economic
 유동원의 투자전략  지금이 투자 기회 이 팔 전쟁이 호재로 ,Economic
신축급  경매  뜨면 우르르  월 아파트 낙찰가율         올해 최고,Economic
 전기차 너무 비싸  안 팔리더니 결국 역성장  보조금 더  효과 있을까,Economic
 네옴시티  제 중동붐 노렸던 수혜  발목 잡히나  투자    ,Economic
동운아나텍  타액 당 측정기 인도 특허,Economic
신신제약  세계최초 개발 마이크로니들 의약품 자체 검증 완료  개발 기간 단축 ,Economic
가족수 줄자 몸값 뛴 소형아파트 청약 경쟁 치열,Economic
  에너지솔루션   분기 호실적 발표 주가도   대 상승,Economic
 이 주의 관 종  단숨에 로봇 대장주에 오른 두산로보틱스 협동로봇 성장세 주목,Economic
비트코인   이팔 전쟁  인플레이션 압박 속     맞는다 코인브리핑 ,Economic
 현대건설 주역  이내흔 현대에이치티 회장 별세   향년   세,Economic
하마스  가상자산으로 공격자금 모은 정황 포착   년간    억원 입금 ,Economic
은행이 망해도 받는      만원    예금자보호한도 늘어날까,Economic
 현대로템 철도는 우크라이나 아이 어머니의 생명줄 ,Economic
해외서 은행도 비금융회사 소유 가능해진다  금융위  감독규정 개정 ,Economic
특례보금자리론 중단한 금융위  오락가락 정책  논란에   부채개선 일관되게 추진중 ,Economic
금융위  예보한도  억원으로 상향시 예보료 최대     증가      국감 ,Economic
하루만에    치솟았던 국제 유가 안정세 찾아    확전 가능성 커지는 것은 변수 ,Economic
바이낸스  고팍스에 코스닥 상장사  시티랩스  끌어들인 속사정은,Economic
기아 노사  하루  시간 파업  고용 세습안이 뭐길래 ,Economic
  엔솔   분기 영업이익     억원  년 전보다     ,Economic
쿠팡 대만 수출      년 만에  만    곳 돌파,Economic
   원 속  이순신  사라지나  영정 그린 화백 유족  저작권료 달라 ,Economic
김주현  가계부채 최근 증가세  특례보금자리론 속도조절 ,Economic
경기도   억 원 이하 중저가 아파트 매매 비중  역대 최저 ,Economic
 삼성전자  감산효과 뚜렷   분기 메모리 반전  본격화 ,Economic
 플립  등 모바일 영업익    조원  반도체도 적자 줄었다 종합 ,Economic
코오롱생명과학  항암신약            캐나다 등 특허등록,Economic
 불황 신호인가  서울 아파트 경매  년 만의 최다  낙찰   건 중  건뿐,Economic
  년만에 새 아파트   대전  관저 푸르지오 센트럴파크  이달 공급,Economic
노후주택 많은 관악구  희소성 높은 새 아파트  힐스테이트 관악센트씨엘 ,Economic
성실한 횡령범  한번에   만원씩  년간  억 천만원 빼돌린 직원,Economic
     종 술 시음 주당들 꼭 가야 해  산토리 야마자키 증류소 내달 재개관,Economic
비트나인   탈 외산       바람 타고  아젠스     파트너 모집,Economic
  엔솔   분기 최대  영업익     억원 매출은     ,Economic
우유 유제품 이어 맥줏값 인상 서민들  지갑 열기 무섭네 ,Economic
   라씨로   화학  도요타와 공급계약 소식에 상승세,Economic
올해 인천 최다 청약접수 기록한   편한세상 검단 웰카운티 ,Economic
수원 랜드마크 될  스타필드 수원   연말 오픈한다,Economic
 강남 구 용산  증여세     초집중    조    억원 납부,Economic
소형 아파트 청약 경쟁률  배로  껑충  대형은 하락,Economic
우유 수입량  년새  배 늘어   국산 대비 반값에 수요 증가,Economic
해안건축  전관 인사 영입 이후 공공사업 수주액 급증,Economic
제일건설  경기 양주  제일풍경채 옥정    월 분양,Economic
  전자   분기 깜짝실적  사업 질적성장 비전 결과로 보여준 것 ,Economic
이제는  립케어  시대     생건 기능성  립세린  출시,Economic
삼성전자    영업익    조  깜짝     바닥 찍고 반등  종합 ,Economic
모빌테크     억원 규모 시리즈  투자 유치 코스닥 상장 목표,Economic
이스타항공 특가 열린다  제주  만원  후쿠오카 다낭  만   만원,Economic
 임직원 자긍심 높다   삼성전자  세계 최고의 직장   년 연속  위 이유,Economic
오늘부터 맥주      인상   소맥  만    원 시대 오나,Economic
항공조종사협회   대한항공 아시아나 반쪽짜리 합병 반대 ,Economic
이유 있는  뉴타운  흥행가도 서울 분양시장  눈길 ,Economic
 갤럭시  가 먹여 살렸다   삼성  반도체  조 적자에도 조 단위 영업익,Economic
네이버 투자받은 모빌테크     억원 규모 투자 유치,Economic
  추가 금리인상  연준 인사들 의견 갈려  필요성 줄어  확신 못해 ,Economic
 중저가 아파트 씨 말랐다  경기도  억원 이하 아파트 매매 거래비중 역대 최저,Economic
 월 경상수지 넉달 연속 흑자지만  불황형    월 흑자규모는 확대  종합 ,Economic
탑머티리얼  노환진 대표  억 규모 자사주 매입,Economic
  전자 자회사      볼보 전기차에  스마트 조명  공급,Economic
더블세권 입지 갖춘  용인 에버랜드역 칸타빌    월 본격분양,Economic
사모펀드로 주인 바뀐  역전할머니맥주   올해도 가격 인상 최대     ,Economic
 조단위 영업이익  주도한 삼성  형제  분기 반등 신호탄 쏘나,Economic
이 팔 전쟁이 호재로   시총 상위주  간만의 기지개,Economic
 깜짝 실적    전자 하루 만에 하락 전환 증권가 전망 엇갈려,Economic
삼성전자  포브스 선정  세계 최고 직장   년 연속  위,Economic
오너 세 최성환     주년  그룹 모태   네트웍스 지분 확대,Economic
 고용세습 조항 삭제 거부  기아 노조  내일부터 파업 돌입,Economic
푸른기술  치과 임플란트 수술보조 로봇 개발,Economic
물려받은 재산  형이 더 많은데   유류분 청구는 어떻게 ,Economic
  기술주 분석 달인  지금부터 소형주에서 기회 찾아야 ,Economic
애플    제쳤다 삼성전자   년째 포브스  세계 최고 직장   위,Economic
중동전쟁 격화에도 국제 유가 떨어져         대 하락 핫종목 ,Economic
모태펀드 결성 시한 코앞인데 운용사   곳 중 결성 완료는  곳,Economic
한은   개월 연속 흑자  하반기도 긍정적 ,Economic
적자  적자  적자 삼성 반도체    까지 누적 적자   조 넘었다,Economic
쏘렌토 잘 팔려봐야 기아 노조    일부터  일간 줄파업,Economic
하루  만보씩 걸으며 응원한   세    선수단장 최윤  행복했다 ,Economic
 월 전국 아파트 경매 낙찰가율       올해 최고,Economic
 올해도 가을엔  퀼팅   패션업계  각양각색 퀼팅 아우터 출시,Economic
용인전원주택 컬리넌캐슬 분양  편리성 보안성 갖춰,Economic
와이즈에이아이  기술신용평가        획득,Economic
파리바게뜨  단팥빵 소보루빵 슈크림빵    원 판매,Economic
  배터리  글로벌 시장 성장세 견인 전년비        ,Economic
증권사 고정이하 자산  조원 돌파  자산건전성 악화,Economic
 아시안게임 메달  신유빈 서채현 홍텐 공통점 신한금융 있었다,Economic
삼성전자    포브스지  세계 최고의 직장   위,Economic
쿠팡    배송    년만에 대만에 통했다 수출 중기  만    곳 돌파,Economic
정무위 국감 돌입  김주현      조원 가계부채 관리  정책금융 공급 ,Economic
 쏘카 아반떼   달려달려   난폭운전 사고나면  전액  낼수도,Economic
재영솔루텍  삼성전자  갤럭시        에     공급   시리즈 첫 공급,Economic
왓챠  공정위에      신고  투자 검토 과정에서 기술 탈취 ,Economic
베노티앤알  하반신 마비 장애인 대상 웨어러블 로봇 체험 공모 실시,Economic
일본 활어차 부산항 입항 늘지만 해수 방사능 검사율은 저조,Economic
 댕댕이 병원비 수십만원씩 나가는데  펫보험 활성화  안하나 못하나,Economic
 자율주행  우린 일상이쥬  미래 모빌리티  이곳 에 몰려든 이유,Economic
   경기반등세 꺾일라 부양 위해    조원 국채발행 검토,Economic
두산건설 컨소시엄  대단지  두산위브더제니스 센트럴 계양  관심,Economic
 이 팔 분쟁  우리 증시 영향 제한적 방산주 상승분 반납,Economic
 부동산원 통계  적용하면  재건축 부담금  조원 늘어난다고 ,Economic
청년도약계좌 인기 시들   당국 예상 인원의    만 가입,Economic
잇따른 흥행 실패   무비 기생충 극한직업의 영광  가물가물 ,Economic
서울대병원 경북대병원 노조  오늘부터 무기한 파업,Economic
  화학  도요타에 배터리 양극재 공급한다 장 초반 주가 강세 핫종목 ,Economic
가입한 보험 청구 한 번에 교보생명   일괄 청구  서비스 개시,Economic
  월초 수출 회복세  뚜렷  반등 시동거나 종합 ,Economic
웹젠  내년 기대작  테르비스  공식    선  분기 순차적 공개,Economic
입법조사처  금융 보험업자 교육세 과세표준 재정비 필요 ,Economic
  콘텐츠 제작사  그들이 생존하려면,Economic
대보그룹  대졸 신입사원 공개채용   일까지 접수,Economic
 강릉 급발진 의심사고  후   장관  적극 조치  공언했지만 ,Economic
 바닥 찍고 반등  삼성전자    만전자  가나,Economic
쿠쿠홈시스  국내 최초 커피 브루잉 기능 탑재한  인스퓨어 스팀     바리스타 정수기  출시,Economic
노선 신설로 예측하는 황금빛 미래가치   월판선  더블 역세권  디오르나인 안양역  분양 화제,Economic
      이 팔 전쟁  따른 글로벌 인플레 위험 주시  이 팔전쟁 ,Economic
이스라엘 하마스 전쟁 유탄 튈라 봄 오나 했던 해외건설  조마조마 ,Economic
삼성전자  분기    조원 올해 처음 조단위 영업이익 달성,Economic
 주가동향  삼성전자  디스플레이 스마트폰 힘입은  분기 호실적에 강세,Economic
에코프로형제      내리자 코스닥  출렁  양도세 회피 우려 계속 투자    ,Economic
과학 유튜버  궤도   겸직금지 규정 어기고 유튜브 강연 수익,Economic
이 팔 충돌로 치솟는 유가에 페인트업계도 긴장,Economic
동운아나텍  유럽 최대 당뇨학회 참가 글로벌시장 공략 채비,Economic
스타벅스  제주에 국내 최대 규모 리저브 전용 매장 문 열어,Economic
미래에셋   글로벌  액티브      신규 상장,Economic
전국 아파트 낙찰가율       올해 최고치 낙찰률은    대로 하락,Economic
 대한민국    대 명품숲  방문하고 선물도 받으세요,Economic
  리테일  카카오와 맞손  선물하기 로 주류 판매망 넓혀,Economic
삼성전자  장 초반    가까이 상승,Economic
        년 개월 만에 얼굴 바꿨다 부분변경 쿠페 가격은 ,Economic
 스타필드      적용한 수원점 연말 오픈   지상  층   만평 규모,Economic
  디스플레이    패널  글로벌 친환경 인증 연달아 획득,Economic
 청년도약계좌 흥행 빨간불   올해 목표인원의      만 가입,Economic
옥수수차도 한잔 티백으로 간편하게  동서식품   한잔용 옥수수차  출시,Economic
코스피  삼성전자  깜짝 실적  효과에 장 초반 약    상승,Economic
전용    가 이끌었다  소형 타입 경쟁률  배 껑충,Economic
 월 경상수지 넉달 연속 흑자 한은   월 흑자 규모 확대 전망  종합 ,Economic
국감 출석날 해외출장 간 최정우 포스코그룹 회장  왜 ,Economic
샌프란시스코 도심 누비는 자율주행 택시 세계는 지금 로보택시 경쟁 중  글로벌 리포트 ,Economic
광고 스팸으로 과태료 가장 많이 낸 통신사는     ,Economic
조종사협회  대한항공 아시아나 결합은 사실상 공중분해 ,Economic
법원  차기 호위함 입찰 관련   현대중공업 가처분 기각,Economic
   주택성능개발센터 직원   명 중   명이 인사규정 위반  출장비 부당수령  최다,Economic
  학자금대출 상환 재개  내년 대선에도 영향 미치나,Economic
 주가 진짜 싸다    메리츠증권이 담으라는 이 회사,Economic
특별법 통과돼도 한계 여전     전세사기 사건  당분간 계속 발생할 듯 ,Economic
    뜯어보기  이 엄동설한에 상장하겠다고 나선  세대 벤처캐피탈,Economic
전기차 모터 장악하려는 포스코  현대차도 눈독,Economic
오지 않는 유커들   싱가포르 공항 면세점 연장에 한숨 돌린 신라면세점,Economic
윙스풋  북미 중심 글로벌 시장 진출 독점 라이선스 제품  최종 공급계약 협의중 ,Economic
채권금리는    년 동안 하락해왔다  그럼 앞으로는  딥다이브 ,Economic
대한항공 아시아나 합병  조종사들이 반기   국익 해치는 공중분해 행위 ,Economic
      국감 인뱅 사  중 저신용자 신용대출   내년    조원  이를 듯,Economic
 단독  직장 갑질 논란       노동부  위반사항 적발시 현장 대응 ,Economic
      국감 은행권 대손충당금 적립률       ,Economic
      국감  실손보험 간소화법  통과됐지만 남은 금융 중점법안은 수두룩,Economic
      국감 금융위원장  가계부채 관리 만전     보완  정책모기지 조절 ,Economic
   공공임대주택  년 넘게 빈집있는 단지 있어     빈집 방치도 국감브리핑 ,Economic
 검단신도시 롯데캐슬 넥스티엘  청약에 관심 고조    일  순위 청약 진행,Economic
삼성전자  올해 첫  조 단위  영업이익 복귀 반도체 반등 신호,Economic
볼보         출시 전부터 호평 가격 경쟁력으로 달린다,Economic
 메모리  이제 오를 일만  삼성전자  분기 실적 더 좋아진다,Economic
그많은 외국인 어디 갔나 했다  서울  또 서울  이러니  ,Economic
 월 전국 아파트 경매 낙찰가율       올해 최고,Economic
  모빌리티  토레스      호차  담양 도래수 마을 에 기증,Economic
경상수지  씁쓸한 흑자  수출   개월 연속 감소 종합 ,Economic
쿠팡  대만 진출  년 수출 중소기업  만    여곳 돌파,Economic
톱텍  구미에    억 투자 이차전지 자동화 장비 제조라인 신설,Economic
  월 초순 수출     일평균 수출은   개월만에 증가 전환 종합 ,Economic
제네시스       부분변경 쿠페 판매 시작     만원부터,Economic
주금공 지급보증액    조원 경신 정부  묻지마 수혈 이 가계부채 키웠다 머니뭐니 ,Economic
 왜 이렇게 시끄러워요  아래층 인터폰에 진땀   바닥재 에 민감한 이유  부동산    ,Economic
 주주환원     이상  약속에 키움증권     대 급등,Economic
코스피  나홀로  하락 멈추나  국채금리 하락 삼전 상승에 반전시동 투자    ,Economic
김효건 삼일회계법인    정상화센터장  사업장마다 종합적 해결책 내놓겠다 ,Economic
  월     일 수출       수입       무역적자   억달러,Economic
에스지이  우크라이나 방한단과 도로재건 협력 논의,Economic
통계청 조사원      위협 폭언 당한 적 있다  사적연락온 적도    ,Economic
신세계프라퍼티  스타필드 수원  올해 말 개장 예정 ,Economic
 단팥빵이    원    파리바게뜨  대표 빵  종 할인 판매,Economic
원 달러     원대 진입 환율   원  뚝 ,Economic
 롤러코스터  위니아에이드  단숨에 상한가 핫스탁 ,Economic
      국감  이찬우 터널학회장  양평도로  전문가로서 원안이 낫다 ,Economic
고용세습 양보못해 기아노조 파업 돌입,Economic
연말 결산 앞둔 회계 담당자  최대 관심사는  자산 평가 ,Economic
와이즈에이아이  기술신용평가      획득  기술력 최상위 ,Economic
팬데믹 끝나니 럭셔리 끝판왕 매출도 훅   루이비통 그 회사  주춤 ,Economic
삼성전자  포브스 선정  세계 최고 직장   년 연속  위,Economic
쿠팡  대만서 월방문자    만명   중소기업  만 천개 참여,Economic
금감원  오케이파이낸셜 등 대부업체 무더기 과태료  채권추심법 위반 ,Economic
삼성전자  분기 영업익    조원 올해 첫 조단위  깜짝실적  종합 ,Economic
연일 상승하는 기름값,Economic
 더 낸 세금 카뱅 계좌로 돌려받는다  카뱅  국고금 지급 업무 취급,Economic
 하우머니   쥐꼬리  퇴직연금 수익률 알아서  척척  불려주는 상품은 ,Economic
  추가 금리인상 두고 연준 인사 논쟁 가열,Economic
값싼 외국산 우유  년간  배  관세율 인하시 농가 타격 확대,Economic
 손에 잡히는 재테크  똑같은 적금인데 이자가  배  선납이연  활용법은 ,Economic
세종 영어 유치원비 한달에    만원  조기 유학비와 맞먹어 ,Economic
삼성운용               회사채 액티브      신규 상장,Economic
과학 유튜버  궤도  외부 활동만으로 수천만원 소득   감사원  정직 처분하라 ,Economic
현대캐피탈  인구수  억    만 인도네시아 시장 독자 진출,Economic
현대차 지그재그  캐스퍼 출고하면   만원 상당 혜택 제공 ,Economic
스타벅스  제주에 국내 최대 규모 리저브전용 매장 오픈,Economic
삼성전자  포브스 선정  세계 최고 직장   년 연속  위,Economic
바닥 지난 삼성 반도체  적자 폭 크게 줄고 반등 본격화,Economic
   애플도 제쳤다  세계 최고 직장   년 연속  위  기업은,Economic
코난테크놀로지  무상증자 권리락 효과에 장 초반     급등 핫종목 ,Economic
 단독    공정위  민변 출신 손잡고  네카오  사전규제 추진,Economic
현대로템 철도차량  우크라  피난민  생명줄  되다,Economic
  온  첫 공모 회사채 발행 추진  최대     억원 규모 ,Economic
쿠팡 대만 수출 중소기업   년 만에  만    곳 돌파,Economic
 종합  삼성전자   조  단위 영업이익 복귀   반도체도 반등 시작,Economic
 도시유전  뛰어든 한화   플라스틱 열분해유  생산 플랜트 만든다,Economic
  조    억  깜짝 영업익에 증명된 반도체 반등   만  만전자  신호탄 쐈다  투자    ,Economic
        소프트업체 인수 엔비디아 추격,Economic
코스피  외인 기관 쌍끌이 매수에 장중         선 탈환,Economic
콜센터 그 감옥 같은 공간의 비밀   리즈 ,Economic
우리벤처파트너스 출범 후 첫     억대 펀드 우리은행이    억 출자,Economic
백화점 줄선 외국인 롯데     패션  육성,Economic
  정부 통계조작에 재건축 소유주  재초환 부담   조원 늘어,Economic
최희문 메리츠  부회장도 국감 소환 라임     관련 증인은 제외,Economic
국제유가    달러 부근서 안정,Economic
 현대  지주사  현대지에프홀딩스   발행주식수     한도 늘린 까닭은  넘버스 ,Economic
       에 원더우먼이 담긴 이유는    시장 타깃,Economic
경영평가 줄줄이 낙제점 받은 한국 마사회  간부 연임 강행,Economic
도요타에    조원 양극재 공급   화학 장 초반 강세,Economic
직방  프롭테크 최초       탄소중립 달성 선언,Economic
현대차보다 나은 조건에도 기아 노조   정년연장  요구 총파업 불사,Economic
코스닥  장중    넘게 올라    선 외국인  사자 ,Economic
 싸이버거를 일본서도  맘스터치  도쿄 시부야에 첫 해외 팝업,Economic
강남 용산 부모찬스 이 정도 증여세만  무려 ,Economic
이달     일 수출       일평균수출액    이상 늘어 상보 ,Economic
    공시  년 미룬다 오늘 전문가 토론회,Economic
제네시스 전용 캠핑용품 나왔다  캠핑 기어 블랙 에디션  출시,Economic
아미코젠바이오파마  신공장 가동 및 동물용 의약품 사업 성장 본격화  분기 실적 청신호,Economic
 덕질과 동시에 저금  토스뱅크   같이 덕질하기  서비스 오픈,Economic
엔케이맥스  동종   세포치료제 고형암 임상  상 승인,Economic
손톱 만한  낡은 종이 가   억 육박 인쇄 오류 우표에  경매시장 들썩,Economic
코스피  삼성전자  깜짝 실적  효과에 장 초반 약    상승 종합 ,Economic
동운아나텍 타액당 진단기   최다 인구  인도 특허 등록,Economic
 월 경상수지 넉달째  불황형  흑자 기록,Economic
연이은 수주  잭팟    현대일렉트릭 신용등급 전망도 상향,Economic
현대차       부분변경 쿠페 판매 가솔린     터보     만원부터,Economic
  추가 금리인상 두고 논쟁 가열  필요성 줄어    확신 못해 ,Economic
환불도 안되는 엉터리 하이패스 특히 이 구간 지날때 조심,Economic
 비둘기 연준 에 국채금리 하락 환율  장중     원대로 하락,Economic
국고채 금리  일제히 하락 출발   조원 규모  년물 입찰 대기,Economic
카카오뱅크  세금 돌려받을 때 카뱅 계좌 이용 가능 ,Economic
오비맥주  오늘부터 주요 맥주 출고가      인상,Economic
 우유 설탕 올랐는데 어떻게  가격 오히려 내린 파리바게뜨 단팥빵 등    원 판매,Economic
  억 이하 아파트 없나요  중저가 아파트 사라져 가는 경기도,Economic
 바닥 찍었다  삼성전자   분기 영업이익  조    억원,Economic
현대차 기아  함께 성장해요            협력사 테크 데이  개최,Economic
  월     일 수출       무역적자   억달러,Economic
증시가 파랄 때는 만기채권형        넘는 기대수익률도,Economic
동운아나텍  타액 당 측정기  디썰라이프  인도 특허 취득,Economic
삼표그룹  국내 건자재 업계 최초  한국형 재생에너지 전환  가입,Economic
임대사업자 등록해 세금만 아끼고 의무 위반   년새   만    건 ,Economic
경기도마저  중저가 아파트  줄어드나,Economic
설탕        소금        물가상승률  년 만에 최대,Economic
스타필드 수원  연말 개장     수요 적극 반영,Economic
비트나인   탈 외산       바람 타고  아젠스     파트너 모집,Economic
삼성전자  주가 하락 영업이익 감소에도  세계 최고의 직장   위 올라,Economic
카톡 선물하기로 산 주류      에서 바로 찾는다,Economic
   전자  추가 성장 둔화 우려  목표가 ,Economic
 단독  플라이강원      예비입찰  곳  본입찰 예정대로 진행  넘버스 ,Economic
 대검찰청 특수부입니다  보이스피싱 사기범   명 음성 들어봤더니,Economic
  화학  도요타와    조 양극재 공급계약 주가 강세,Economic
최정우 포스코 회장  투자 유치 위해 유럽 ,Economic
잘나가는    기업 쓸어담는다 미래에셋운용         글로벌  액티브  상장,Economic
삼성전자  올해 첫 조 단위 영업이익  깜짝 실적 ,Economic
 공장 창고 돈 안 된다  매매거래  뚝 ,Economic
   빅테크   초과 수익 지속될 것   월 조정장서도       ,Economic
시장 기대 넘었다  삼성전자   분기  조 단위  영업익 회복 종합 ,Economic
 카카오톡 선물하기로 편의점서 와인 구입    리테일  카카오와 손잡는다,Economic
돌아온 외국인 바닥 탈출 삼성전자  강세 ,Economic
옥석가리기 본격화 아파트 경매 낙찰가율        올 들어 최고치,Economic
전쟁 확산 가능성 낮아 급등했던 방산주 주가 제자리로,Economic
삼성전자  분기 영업이익    조 원 전분기 대비      ,Economic
현대차 기아      협력사 테크 데이  연구개발 역량 지원 ,Economic
수출      수입       열흘 새 무역적자   억불,Economic
검단 아파트 피해보상 누가 해야 하나        법적 분쟁 예고,Economic
지티지웰니스  회생 개시 이어     매물로,Economic
신세계  수원  스타필드 연말 문연다  공간 경험 극대화 ,Economic
 주가동향    화학   도요타에 양극재 공급    주가 상승세,Economic
제약 바이오 헬스케어      줄줄이 국감장으로,Economic
한 에콰도르  전략적경제협력협정  타결   번째    ,Economic
 금의환향  신유빈 뒤에 든든한 지원  신한금융  스포츠 국가대표 장기후원 결실,Economic
삼성자산운용              회사채 액티브     상장,Economic
업비트  프랑스 가상자산 분석업체 카이코 평가  국내  위 ,Economic
코난테크놀로지  무상증자 권리락 효과에      급등 ,Economic
  일부터 오비맥주  카스 한맥  출고가      인상,Economic
외국인  사자  국내 증시 상승 출발 코스닥    선 회복,Economic
경기도  억원 이하 아파트 거래 비중  역대 최저 ,Economic
제 식구 배만 불리는 은행연 돈 더 거두면서 사회공헌 예산은  년째  동결  머니뭐니 ,Economic
삼성전자   분기 영업이익  조    억원 기록 부진 탈출 신호탄,Economic
키움증권  주주환원 정책 강화 발표에    상승 핫종목 ,Economic
북한  연일  다수확  주장  풍요한 농사작황  선전 강화,Economic
 반도체 반등 시작  삼성전자  분기 영업익    조  깜짝실적  종합 ,Economic
삼성전자  올해 첫 조 단위 영업익  깜짝 실적 주가도 강세 핫종목 ,Economic
삼성전자     애플 제치고 포브스  세계 최고의 직장   위,Economic
 슈거플레이션  오나  설탕 소금 물가 상승률   년 만에 최고치,Economic
 토레스       호차는  도래수  마을로    모빌리티  교통약자 돕는다,Economic
 클릭  종목    리테일     실적 기대치 부합 전망 ,Economic
원 달러 환율  하락 출발   긴축완화   경기부양 기대감,Economic
강남 구 용산구 증여세만  조  부의 대물림  초집중,Economic
   곳 보험사  보험금 청구 한번에    교보생명 앱에서 가능해요 ,Economic
현대위아   로보월드      서 무인주차 물류로봇 선보여,Economic
     카카오  분기 실적 기대치 밑돌 것 목표주가 하향 조정 ,Economic
 돈 갚아라  채무자에 문자 수십통   파이낸셜대부에 금감원 과태료 부과,Economic
삼성바이오로직스  올해 매출     증가   연이은 호실적 기대    투자증권,Economic
메리츠  올 물가 전망     로 상향 금리 내려도  중립  상회할 것,Economic
코스피   국채금리 하락에 상승 삼성전자  조 단위  영업익 복귀,Economic
삼성전자   조 단위  이익 복귀 반도체 바닥  돌파  신호,Economic
오늘부터 맥주값 올라   오비맥주  출고가      인상,Economic
하이패스 오류로  통행료 이중부과   가장 잦은 도로 어디 ,Economic
조 단위 영업익 회복했지만  삼성전자  반도체 적자 지속 종합 ,Economic
기아 노조  음서제 파업     고용 세습 유지 주장하며   일 돌입,Economic
제네시스   부분변경           쿠페  판매 개시      만원 부터,Economic
 도쿄에  버거 알린다  웹툰과 손잡은 맘스터치,Economic
경기  억원 이하 아파트 매매 거래 비중        역대 최저 ,Economic
외지인  투심  살아났다  음성 아파트 거래 껑충,Economic
 삼성전자    실적  영업이익    조   시장 예상치보다 선방,Economic
포브스 선정  세계 최고 직장   위  삼성전자  년 연속 선정,Economic
이팔 충돌에도 오르는 증시 코스닥     회복,Economic
완성차 업계  이 팔 전쟁에  촉각   장기화땐 판매에 악영향 ,Economic
  번가    월  월간십일절   타임딜  최대     할인,Economic
야  교통량  천 대 부풀려  여  통계조작은 게이트 ,Economic
삼성전자   분기  조 단위  영업이익 실적개선  스타트  종합 ,Economic
 키움증권  주주환원     이상 증가 주가 상승 동력 ,Economic
경기도  억 이하 중저가 아파트 비중  뚝 ,Economic
 더 낸 세금  카카오뱅크 계좌로 돌려받으세요 ,Economic
도시유전  친환경 선순환 기술  영국 이어 핀란드 간다      설비 공급,Economic
 친절한 경제  중동사태 이어지는데 세계증시 오히려 맑게 갠 이유는 ,Economic
  월     일 수출      감소 무역적자   억달러,Economic
 어닝 서프  삼성전자 덕분에 반도체 소부장  덩달아 강세,Economic
큐텐그룹 김영선 큐익스프레스 대표  케이씨인터내셔널코리아 대표까지 겸직,Economic
비오는 밤 주차하다  쾅  수백만원 날리더니    억  잭팟   긱스 ,Economic
증선위   회계처리 위반  광림에 과징금 부과 의결,Economic
한화 글로벌  충남 서산에 열분해유 생산 공장 건설,Economic
수출 마이너스 행진 끝내나 긴 연휴에도   월     일 수출      감소,Economic
더 낸 세금 카카오뱅크 계좌로 돌려받는다,Economic
 현대카드 고메위크     개최 프리미엄 레스토랑     할인,Economic
이내흔 현대에이치티 회장 별세 향년   세,Economic
  생활건강   립세린  출시 기능성 입술 케어 시장 판 흔든다,Economic
 조 단위  영업익 거둔 삼성전자  주가   대  급등 ,Economic
  도 제쳤다  세계 최고 직장   년 연속  위,Economic
치솟는 소금 배추 가격에 서민 시름 김장 해야 하나,Economic
항저우 아시안게임 숨은 주역 국가대표 물밑 지원한 최윤   금융 회장,Economic
쿠팡  대만 진출  년 중소기업  만    곳 동시 진출,Economic
 속보  삼성전자 올해  분기 영업이익    조원  전년동기비     ,Economic
        삼성전자  올해 첫 조 단위 실적 달성    만전자  회복하나,Economic
현대차그룹   개발자 컨퍼런스  개최  모빌리티 개발자 한자리 ,Economic
  월 무역수지 적자 출발 수출      감소,Economic
현대차 지그재그  캐스퍼 출고 고객 이벤트 실시,Economic
    위  구글  위  애플  위 세계 최고 직장  위는 ,Economic
현대로템  우크라  피난민 철도 운송 기여,Economic
 직장인 서베이   동료 이직 하면 심적 동요       ,Economic
삼성전자   분기 영업익    조원  반등 신호탄  쐈다,Economic
 투쟁으로 박살낸다    기아 노조  내일부터 파업,Economic
코스피    국채금리 하락에      상승 출발 삼전    ,Economic
 증시     이상 빠진다      헤지펀드 전설의 경고,Economic
 돈 갚으세요  문자 수십통 금감원  오케이파이낸셜대부 등 제재,Economic
설립  년차     티비티   개사 엑시트 전략은   넘버스 ,Economic
증권사들       홀딩스  분기 실적 기대 못미칠듯 목표가  ,Economic
뉴욕증시  일째  안도랠리  연준 비둘기파적 발언에 국채금리 ,Economic
비트코인  도미넌스  역대 최고치     만원대,Economic
코스닥     넘게 올라 장중    선 회복 개인  사자 ,Economic
업비트  프랑스 가상자산 분석업체 카이코 선정  국내 거래소  위 ,Economic
한화 건설부문  신안우이 해상풍력사업 실시설계 착수,Economic
 월 경상수지  개월 연속 흑자 수입 줄어 발생  불황형 흑자 ,Economic
    구독료가 공연 관람 통계에   가계지출 통계 재정립 필요 ,Economic
   부자 동네 공식 인증   증여세   분의    이곳에 몰렸다,Economic
 인기   여개 브랜드 총출동  신세계    신세계 패밀리      진행,Economic
 땡큐  현대로템  우크라  피란민  생명줄  된   철도차량,Economic
삼성바이오로직스  분기 매출  조원 승승장구 비결은 ,Economic
  보    월     일 수출      감소 무역적자   억달러,Economic
 유명 레스토랑 음식을 반값에    일부터  현대카드 고메위크  열린다,Economic
예상 웃도는 실적 삼성전자    대 이상 상승 출발,Economic
역대급 횡령 가계빚 급증에도  금융지주 회장 은행장 빠진  맹탕  국감,Economic
인공지능 빅데이터 필수      메모리 장비 잡아라 ,Economic
높아진 증시 변동성 한투운용      높은 만기채권형     주목 ,Economic
 덕질이 돈이 되네   토스뱅크   같이 덕질하기 서비스  오픈,Economic
노동당국    월말 현대건설 전국 일제감독 나선다,Economic
  보  삼성전자  분기 영업이익    조원 전분기 대비      ,Economic
 한 명이 최대    만원 벌었다  핀크   무료머니충전소  지급 리워드     만건 돌파,Economic
총수 지분이 경영권이라는 궤변 재벌 흔들  행동주의 펀드  필요하다,Economic
 데이터로 보는 증시 해외 주요 증시 동향   월   일 ,Economic
삼성전자  포브스 선정  세계 최고 직장   년 연속  위,Economic
 더 버텨볼게요   년 전 가격    억  돌아온  갭투자 성지 ,Economic
  월 초순 일평균 수출    증가했지만 무역수지는   억달러 적자,Economic
 속보    전자 이어 삼성전자도  깜짝실적   분기 영업익    조원,Economic
폴 튜더 존스  가장 도전적인 지정학적 상황  주식 피하라 ,Economic
최저  도  쌀쌀  밤에는 구름 많은 하늘  내일날씨 ,Economic
서울 이어 경기도 중저가 아파트 사라진다  억 이하 매매 비중  역대 최저 ,Economic
신영   삼성     자동차 이차전지 매출 견조  밸류에이션 매력 커져 ,Economic
 채권 저가매수 적기  고금리 장기화 대비해 단기채 주목하라 ,Economic
 단독   임대주택의 딜레마         작년 임대 적자  조  역대 최대 ,Economic
원료 바꾸고      도입  배터리   탄소감축 속도,Economic
카카오  마진 개선돼야 주가 반등 목표가    만    만원  하향 ,Economic
경기 아파트 매매   채 중  채   억원 이상   고가 거래  위  과천 ,Economic
   년 전 단종된 완구도  이마트   더 리미티드   차 상품 출시,Economic
 캠핑도 럭셔리하게   제네시스  캠핑 기어 블랙 에디션 출시,Economic
키움   이스라엘 하마스 분쟁  증시에 미칠 영향 제한적 ,Economic
 한 잔씩 즐기세요  동서식품   동서 한잔용 옥수수차  선봬,Economic
 부산에 와이리 많노  합격해도  백수  딱지 못 떼는 대기 공무원   인천의  배,Economic
값싼 외국산 우유 수입 급증 국산 우유 경쟁력 제고 시급,Economic
비아트론  내년      신규 투자 이어질까 대신증권,Economic
스타벅스  국내 최대 규모  리저브 전용  매장 더제주송당파크 점 오픈,Economic
카카오 손잡은   리테일 선물하기로 주류 판매 서비스 확대,Economic
파리바게뜨  빵값 할인 행사 소보루빵 등  종 각    원,Economic
 마이구미 시리즈는 계속  오리온   마이구미 키위알맹이  출시,Economic
 미래에셋증권  해외 상업용 부동산 평가손실 지속 목표가   한국,Economic
대보그룹  대졸 신입사원 공개채용,Economic
유럽 반도체 설비 노후화되자 영토 확장 나선 대만 화학기업들,Economic
국제유가  일단  전쟁 쇼크  벗어나   달러 부근서 안정,Economic
삼성전자  분기 영업익    조  예상 상회   반도체 반등 신호 ,Economic
최정우 포스코그룹 회장  유럽 출국 투자 유치 나선다,Economic
 추가 성장 둔화 우려 목표가  ,Economic
  전자 자회사      볼보       에 스마트 조명 공급,Economic
 삼성전자 실적 바닥 찍었다  영업이익 조단위 복귀,Economic
 현대로템 고마워요  우크라 전쟁 피난민  생명줄 된   철도차량,Economic
키움증권  순이익     주주환원에 증권가  실적도 좋아 ,Economic
현대차 기아            협력사 테크 데이  개최,Economic
바이오니아 코스메르나  유럽 최대 피부비뇨기과학회 통해 글로벌 마케팅 본격 돌입,Economic
  금융투자  서울보증보험  배당 매력적이나 물량 부담 주의해야  ,Economic
 스스로 주차 척척  현대위아   무인 주차 로봇  최초 공개,Economic
  번가  가을 상품 특가 판매  최대     할인,Economic
한화증권     리테일 기대이하 실적 전망  목표가 하향,Economic
주요 대기업   년 새 현금자산     늘렸다 삼성전자   조 ,Economic
 속보  삼성전자   분기 영업익  조 천억 반도체 적자 줄었다,Economic
이스라엘 하마스 전쟁 가짜 뉴스 확산  엑스 가장 심해 ,Economic
삼성운용               회사채 액티브      신규 상장,Economic
배당 실적 기대감에 외국인    집중 매수,Economic
 잡스의 샌들  버켄스탁     시총   조 넘본다,Economic
와이즈에이아이  기술신용평가      획득  기술력 최상위 기술특례 박차 ,Economic
서울대병원 노조  오늘부터 파업  필수인력 제외 ,Economic
 임영웅 콘서트 굿즈 판매    번가    월  월간십일절  행사,Economic
 오세훈 표  보행환경 개선사업   년만에 재시동 종로 중구  곳 추진,Economic
여기어때  일본 후쿠오카   만원대로    항공 숙소  프로모션,Economic
 속보  삼성전자   분기  조    억원 영업익 실적 반등 본격화,Economic
온투업 연체율     육박  개인투자자 피해 우려      국감 ,Economic
삼성     유플러스  가입자 늘고 신사업 확대   매수  의견 ,Economic
삼성자산운용              회사채 액티브     신규 상장,Economic
 쇼핑 지원금    억 쏜다  롯데홈쇼핑   광클절  행사 열어,Economic
흥국      리테일  일시적 부진에 주가 재평가  목표가   만원 ,Economic
코스닥 끝없는 추락  반등  기대해도 될까,Economic
쿠팡  대만 진출  년만에 수출     만    곳 돌파,Economic
  전자 자회사      볼보 전기           에 스마트 조명 공급,Economic
브릿지바이오  특발성폐섬유증 신약 물질  안전성 확인   상 지속 권고,Economic
유가 뛰자 정유주도 활짝  에쓰오일  저점 매수 기회  한투,Economic
키움   과거 서방 참전 안 한 지정학 사건    증시 영향 제한적 ,Economic
   전자  호실적 기록했지만 여전히 저평가 목표가     ,Economic
토종 버거 맘스터치    도쿄에 첫 팝업 매장 열어,Economic
 굿모닝 증시  중동발 지정학적 이슈 영향 제한적 코스피 상승 출발 전망 ,Economic
메리츠   스튜디오드래곤     실적 컨센서스 하회 전망 목표가     하향 ,Economic
 구글 애플보다 다니기 좋다  삼성전자   년 연속  세계 최고의 직장   위,Economic
한투  미래에셋   해외 부동산 투자 부실  목표가 하향,Economic
한국 안 오는 유커  웃지 못하는 면세업계,Economic
 키위 식감 그대로  오리온  마이구미 키위알맹이  선봬,Economic
리걸테크 스타트업 넥서스      억원 시드 투자 유치,Economic
호텔신라    단체 관광객 회복 전망 한투,Economic
     넷마블  투자자산 가치 하락 목표가 하향 ,Economic
     포스코홀딩스  리튬가격 하락 영향에 목표주가     하향 ,Economic
글로벌   기업에 액티브 투자        글로벌  액티브      상장,Economic
     카카오   분기 영업익 컨센서스 하회 목표가     하향 ,Economic
현대백화점  실적부진 전망에 급락한 주가  분기 개선 기대 흥국,Economic
미국채 금리 하락 속  조원 규모  년물 입찰 주시 채권브리핑 ,Economic
 월 경상수지 넉 달 연속 흑자 한은   월 흑자 규모 확대 전망 ,Economic
경기  억원 초과 아파트 거래 비중       역대  최고 ,Economic
  국채금리 급등에 연준 인사들 연이은 통화 완화적 발언,Economic
 긴급진단  중동발  오일쇼크  공포           달러 박스권 전망 ,Economic
한화      리테일  시장 기대 밑도는 외형성장 목표가  ,Economic
스튜디오드래곤     외형 축소 불가피 메리츠,Economic
기아          출격 대기 전기차 대중화 포문 제대로 연다,Economic
신영증권  한은  금리 인하 시점 내년  분기로 지연 ,Economic
 차 정시 모태펀드 결성  개사 불과  충격적인 결과 ,Economic
  증권  카카오 목표가    분기 영업이익 컨센서스 밑돌 것 ,Economic
경상수지 넉달 연속 흑자 수출보다 수입 더 큰 폭 줄어,Economic
기아 노조    일부터 파업 돌입  고용 세습  조항 놓고 갈등,Economic
 대한항공  금리 환율 유가 고공행진에 주가 털썩 목표가   대신,Economic
  전자  높아진 이익 가시성 목표가    ,Economic
하이패스 영수증 안봤더니 두 번 결제  심지어 환불도 안해줘 ,Economic
공정위   자료 제출 안하면 형사처벌  규제 폐지한다,Economic
 오벨리티 브레일라 엑수아  신기전 항우울제 삼총사 시장 흔들까,Economic
 깜짝 실적    전자 주가는  재평가 기대된다  목표주가   만원,Economic
 월 경상수지  개월째  불황형 흑자   수출입 동반 감소,Economic
 우병탁의  부자 칼럼  금리가 올라가면 경매물건이 쏟아질까 ,Economic
 출근길 인터뷰  밤마다  식욕 폭발  혹시 나도 야식증후군 ,Economic
      국감  애플페이 카드시장 점유율    땐  카드사     억 수수료 부담,Economic
중동 긴장 속  비둘기  연준에 안도 환율     원 지지력 외환브리핑 ,Economic
애플페이  수수료 과다  우려에  김덕환 현대카드 대표 국감장 선다,Economic
  전자      깜짝 실적 에 목표가  밸류 저점 구간   ,Economic
 부모찬스  정말 이 정도였구나  강남 용산구 증여세만  조  전국     달해,Economic
삼성카드  안정적인 실적에 배당까지   ,Economic
키움증권  주주가치 제고 확대 투자매력 부각   ,Economic
 어제장 오늘장   일교차  커진 국내 증시  분기 실적 시즌 시작된다,Economic
경영권방어 위해 유증한 헬릭스미스 전현직 임원  검찰 고발,Economic
설탕       소금       상승 물가   년 만에 동시 최대치,Economic
중동정세 바로미터  국제유가마저 하락 이스라엘 하마스 충돌 증시 청량제 역할   한상춘의 지금세계는 ,Economic
대기업 현금 보유량   조 늘었다 삼성전자는   조 ,Economic
  분증시  뉴욕증시  국채금리 하락에 상승 다우        ,Economic
증권사 부실자산 증가  일시적 이라지만  실제로 더 심각할 수도   투자    ,Economic
경기도 중저가 아파트 사라진다   억원 이하 매매 비중  역대 최저 ,Economic
금융지주 회장 다 빠진 정무위 국감   맹탕  지적,Economic
      홀딩스 목표가    만   만  중장기 성장에 주목  유안타,Economic
홍준표  협의 안되면 군위 우보로 신공항 변경 ,Economic
한투증권  금통위  기준금리 동결하되 인상 가능성은 열어둘 듯 ,Economic
 속보  월 상품수지   년 개월래 최대폭 흑자   수입 감소 영향,Economic
하나   데브시스터즈  중국 진출 임박 주목 ,Economic
   주택성능개발센터 직원       인사규정 위반,Economic
   리테일  트래픽 반등 필요한 시점 한화,Economic
     홀딩스   차전지 소재사업 중장기 성장에 초점 목표가   만원  유안타,Economic
 굿모닝 마켓  통화정책의 승리  뉴욕 증시  안도 랠리 ,Economic
 포스코홀딩스  리튬 가격 하락으로 주가 약세    목표주가     하향 ,Economic
 집잇슈 같이 오르내리던 매매 전세가  이제 동행 끝 ,Economic
경제전망 내년도 먹구름          전망치 또 하향 조정,Economic
포스코홀딩스  중장기적 성장 주목 목표주가   만원 유안타,Economic
 월 경상수지 넉달째  흑자   불황형 흑자 는 여전 종합 ,Economic
테슬라  판매 감소에 또 가격 인하 전기차 연쇄효과 ,Economic
국채금리 유가 하락에   증시 상승 이 팔 확전 우려 뉴스새벽배송 ,Economic
 고객등급 기준 올린다      고객들  난감 ,Economic
  유플러스  돋보이는 가입자 성장세 투자의견  매수  삼성,Economic
 강남 구 용산 에 증여세     집중  조      억 원 납부,Economic
  리테일     적자 사업 손익 개선 전망  매수  의견   ,Economic
커피빈은  기프티콘 차액 환불  시행중 다른 브랜드는 언제쯤,Economic
   대기업 현금보유량   년새   조 늘었다  삼성전자   조 ,Economic
 오늘의 환율전망  원 달러  원 하락 출발 예상  금리하락에 달러 약세,Economic
오늘부터  카스  가격 오른다    오비맥주  출고가      인상,Economic
경력직 개발자      주 일 근무  연봉 유지가 더 중요 ,Economic
 니트 한 장에 수백만원 부담됐는데   가성비 에 반했다  양지윤의 왓츠  장바구니 ,Economic
 월 경상수지   억    만달러 흑자,Economic
유상증자    억 미달난   리츠 실권주 물량부담 우려,Economic
금리    넘보는데 멈추지 않는 주담대 증가세    억 초과 도 ,Economic
 영끌 빚투 로 지난  년 쌓인 빚    조   청년 빚    조,Economic
  분 브리프  신에게는 아직 저작권료 문제가 남아있습니다,Economic
 서민금융  이라면서요 급전 창구 다 막힌 서민의 절규,Economic
 월 경상수지   억    만달러  개월 연속 흑자,Economic
 중국 큰손들 매일 왔으면  황금연휴 백화점 매출      껑충 ,Economic
카카오 목표가 하향  펀더멘털 개선 지연    ,Economic
 김대호 박사의 오늘 기업 사람  삼성       화웨이 테슬라 록히드마틴,Economic
오리온  한 중 베 러 중심 본격적 수익성 개선 시작   ,Economic
 사나이 불닭면  한  중 어디 제품        푸드 베끼는 수준 갈수록 교묘,Economic
배터리셀 가격 하락에  내연차 보다 저렴한 전기차   년 빨라졌다,Economic
 오늘   증시 상승 출발   만 전자 기대감,Economic
 유독 부진한 한국 증시     에 개인 매물 출회 부정적 ,Economic
   원 라면에      원 맥주까지  초저가  가능한 이유,Economic
유치원 교습비 실화  한달에 무려,Economic
 굿모닝경제       내년 세계성장률 전망 하향   오늘 삼성전자  분기 실적 발표,Economic
  디스플레이  루머 의한 주가 하락 과도 빠른 복원 전망   ,Economic
점유율    면 수천억 챙기는 애플  혼자만  규제 패스 ,Economic
네오위즈  아쉬운   의 거짓  초기 성과 목표가    ,Economic
잘 나가던 저지방 우유  대체유에 자리 내줄까,Economic
점유율    면 수천억 챙기는 애플  혼자만  규제 패스 ,Economic
   추가 금리인상 가능성 낮아   월 금통위 매파적 동결 ,Economic
안전자산 선호    미 국채금리 하락  나스닥  일 연속 상승    증시      ,Economic
일본인      중국 인상 별로    작년보다    더 늘었다,Economic
 월 철도노조 파업 피해액   억  미운영 피해     억에 대체인력    억원 ,Economic
강남 아파트 받는 법 있다   기막힌 꼼수 ,Economic
 괴롭혀 쫓아낼 것  폭언까지  임신 근로시간 단축  누가 쓰나,Economic
 돈 빌릴 곳이 없다   초비상  바이오텍 주주에 손 벌리는 이유  더 머니이스트 이해진의 글로벌바이오 ,Economic
바이든  중동 불안에 이스라엘 지지 선언  연준  긴축 시계 늦추나,Economic
 지금이 킹크랩 파티 적기  러시아산 가격  년 만에  뚝 ,Economic
 수익성 개선 쉽지 않네  해외서 돌파구 찾는 롯데칠성,Economic
 중동전쟁 장기화 시  유가 연고점 가능 아직 가능성 낮아 ,Economic
     내년 한국 경제성장률          로 하향,Economic
 경기도에  중저가 아파트 가 사라진다    아파트 가격 가장 높은 지역은  과천 ,Economic
 여보 우리 아파트 괜찮겠지   건설사  분양보증 사고  급증 입주지연 불안,Economic
 전참시  무인점포 명암 한눈에      의  찐  무인편의점 ,Economic
  전자 분기영업익  조 비결 가전은 당연한데  이게  효자였네,Economic
 국제유가   비둘기파  연준 의원 발언에 국채금리 하락         달러,Economic
설탕도  소금도 올랐다   물가 상승률  년 만에 나란히 최고,Economic
불황에 현금 곳간 채우는 기업들   현금부자  위는 ,Economic
 광명이 무슨   억   했는데 완판    억은 무조건 넣어야죠 ,Economic
 증시전략  국채금리에 중동 불안까지 연준  긴축 고삐 늦추나,Economic
 글로벌 마켓  뉴욕증시  국채금리 급락에  환호   거래일 연속 상승,Economic
고환율에 이 팔 전쟁까지 여행심리 꺾일까 업계  영향 제한적 ,Economic
 덕분에 역대급 더위 견뎌  올 여름 가장 잘 팔린 아이스크림은 ,Economic
조선업 몰락한 오덴세  어떻게  로봇 천국 이 됐나,Economic
 실명계좌  기울어진 운동장에 눈물의  수수료 공짜  나선 빗썸,Economic
   반도체 최강자 엔비디아 대항마 나섰다,Economic
   닷컴 내년 상반기     재개 국내  커머스 업계 시기  저울질 ,Economic
중동 리스크에 투심 위축 코스닥    선 붕괴    한강로 경제브리핑 ,Economic
  년 만기 미 국채수익률  개월 만에 최대폭으로 떨어져,Economic
 대유위니아 협력사 줄도산 위기인데    조 불어난  기업대출  어쩌나,Economic
이제 삼겹살로 깻잎 상추 싸먹는 시대 ,Economic
롯데 베트남 사업에서 돋보인  대우의 유산 ,Economic
 마켓칼럼   저평가 일본주식에 대한 기대감은 당분간 유지 ,Economic
 김대호 박사의 오늘의 키워드  뉴욕증시 역설 국제유가 반전  차 중동전 맥마흔     벨푸어 오슬로 협정,Economic
 금융지주 회장 다 빠졌네  정무위 국감 이슈는,Economic
         반도체 착시    의존  혁신 쇠퇴      경제의  가지 숙제,Economic
전쟁 또 전쟁 국제정세마저 발목 잡는 한국 경제  상저하고 ,Economic
국세청  유리천장  여전 작년  급 이상   승진자  명뿐,Economic
은행   가파른 상승에도 신중한 접근 주문 이유는,Economic
 단독 역대급 경쟁률 뚫었지만 모태펀드 운용사 결성은   곳뿐       국감 ,Economic
하이패스 오류로 이중부과된 통행료    는 환불 안 돼,Economic
    시장 활황에 발목 잡힌 증시 커지는 수급 우려,Economic
 또 거절이네  은행은 커녕 대부업체까지 돈 안되는 서민 외면,Economic
 저작권료 달라     원 속  이순신  사라지나,Economic
  가지 경제   년 새     증가 수입 주류,Economic
뉴욕증시  국채금리 유가 하락에 일제 상승 테슬라        출근전 꼭 글로벌브리핑 ,Economic
  만대  청약광풍의 그동네 흑석뉴타운 외톨이 개발 재시동  부동산    ,Economic
 오르락 내리락  두산 주가 두산 의 엇갈린 행보,Economic
서민경제  먹구름  식탁물가 도미노 인상 재현되나,Economic
 억  소리 나는 은행권 희망 퇴직금  년간   조 쐈다,Economic
외국인    월에도  셀 코리아   이 팔 충돌  매도 촉진제  될까,Economic
 자국 화폐 퇴출시키겠다  패닉에 빠진 이 나라,Economic
방갈로 숙소에 바비큐 시설 건설사업단 호화 건축물  논란 ,Economic
  일 상장하는 퓨릿  코스닥 부진에도  조 끌어모은 비결은,Economic
현대카드가 들여온 애플페이  수수료 과다  우려에 국감까지 간다,Economic
유가      하락  하마스 공격 배후 이란 단정할 증거 없다  종합 ,Economic
한화   이차전지 쏠림 현상 막바지 대형주 중심 시장 이어질 것 ,Economic
 년 만에 최대폭 상승한 주담대    억 초과  대출도 늘었다,Economic
  년치 일감 쌓였다  연일 특근에도 행복한 비명 지르는 이 업종,Economic
 글로벌 꼴찌  코스닥  낙폭 가장 커  하방이 더 열려있는 구조 ,Economic
구글  비밀번호 없는 세상 온다 구글 계정에  패스키  설정,Economic
   선  수주 낭보  조선  사 훈풍 계속된다,Economic
증권사 부실자산 증가세 가팔라졌는데  실제로는 더 심하다 ,Economic
국감장 서는 최희문 홍원식  혹시 우리    도   증권가 노심초사,Economic
이 팔 전쟁  유가 급등 원자잿값 상승 우려에     노심초사 ,Economic
 창간 설문  전문가  명 중  명  집값 지금보다 더 내려야 한다 ,Economic
나스닥      상승 연준 위원들 비둘기파 발언 쏟아져 뉴욕마감 ,Economic
  먹구름 비구위이안 디폴트 시사 성장 둔화 중동 등 악재  글로벌 뉴스픽 ,Economic
보스틱 연은 총재  금리 더 올릴 필요없다  나스닥        데일리국제금융시장 ,Economic
 창간 설문  부동산 금융 업계  금리 집값 안정  년 이상 걸릴 것 ,Economic
라임사태 첫 민사소송 일단락     징계 여부도 촉각,Economic
 묻지마 청약 주의보  높은 경쟁률에도 계약 저조,Economic
